<?xml version="1.0" encoding="utf-8" ?>

<component name="FeedItem" extends="Group"
	xsi:noNamespaceSchemaLocation="https://devtools.web.roku.com/schema/RokuSceneGraph.xsd">
	<interface>
		<field id="itemContent" type="node" onChange="showContent" />
		<field id="focusPercent" type="float" onchange="showFocus" />
	</interface>


	<script type="text/brightscript"
		uri="pkg:/components/FeedItem/FeedItem.brs"
		 />
		 
		 <script type="text/brightscript"
		uri="pkg:/components/FeedItem/FeedItem.brs"
		 />

	<children>
		<Rectangle id="itemcursor" translation="[ 100, 280 ]"
			height="6" color="0xEB3333FF" opacity="0.0" width="1000" />
		<Group translation="[100,50]">
			<Label id="titleLabel" wrap="true" width="960" maxLines="2" />
			<Video id="videoPlayer" height="150" width="150" />
			<Poster id="thumbnail"
				width="150" height="150" loadDisplayMode="scaleToFit" />
			<Label id="contentLabel" width="960" wrap="true" maxLines="2" />
		</Group>
	</children>

</component>
