<?xml version = "1.0" encoding = "utf-8" ?>

<!--********** Copyright 2016 Roku Corp. All Rights Reserved. ********** -->

<component name="FeedContent" extends="ContentNode">

  <interface >
    <field id = "title" type = "string" />
    <field id = "description" type = "string" />
    <field id = "videoUrl" type = "string" />
    <field id = "streamFormat" type = "string" />
    <field id = "url" type="string" />
    <field id="isRedditVideo" type="boolean" />
    <field id="isSelf" type="boolean" />
  </interface>

</component>
